{
    "x": 26.30789726723843,
    "y": -45.271141113949824,
    "theta": 0.007540762424468994,
    "speed": 1.5347821938446213,
    "target_speed": 7.0,
    "x_command": 43.329635525374435,
    "y_command": -45.142799438970215,
    "command": 4,
    "steer": -0.0,
    "throttle": 0.75,
    "brake": false,
    "weather": {
        "cloudiness": 15.0,
        "precipitation": 0.0,
        "precipitation_deposits": 0.0,
        "wind_intensity": 0.3499999940395355,
        "sun_azimuth_angle": 0.0,
        "sun_altitude_angle": 75.0,
        "fog_density": 0.0,
        "fog_distance": 0.0,
        "wetness": 0.0,
        "fog_falloff": 0.0
    },
    "weather_id": null,
    "near_node_x": 31.18782885629308,
    "near_node_y": -45.23441320862633,
    "far_node_x": 43.329635525374435,
    "far_node_y": -45.142799438970215,
    "is_vehicle_present": 0,
    "is_pedestrian_present": 0,
    "is_red_light_present": 0,
    "is_stop_sign_present": 0,
    "should_slow": 0,
    "should_brake": 0,
    "angle": -9.287591197192448e-06,
    "angle_unnorm": -0.0008358832077473203,
    "angle_far_unnorm": -5.938108542777499e-05
}