{
    "x": 27.9055411063923,
    "y": -45.25957876652196,
    "theta": 0.007429277058690786,
    "speed": 3.707148795550268,
    "target_speed": 0.0,
    "x_command": 43.329635525374435,
    "y_command": -45.142799438970215,
    "command": 4,
    "steer": 0.0005,
    "throttle": 0.0,
    "brake": true,
    "weather": {
        "cloudiness": 15.0,
        "precipitation": 0.0,
        "precipitation_deposits": 0.0,
        "wind_intensity": 0.3499999940395355,
        "sun_azimuth_angle": 0.0,
        "sun_altitude_angle": 75.0,
        "fog_density": 0.0,
        "fog_distance": 0.0,
        "wetness": 0.0,
        "fog_falloff": 0.0
    },
    "weather_id": null,
    "near_node_x": 32.18784620152292,
    "near_node_y": -45.22686773742464,
    "far_node_x": 43.329635525374435,
    "far_node_y": -45.142799438970215,
    "is_vehicle_present": 1,
    "is_pedestrian_present": 0,
    "is_red_light_present": 0,
    "is_stop_sign_present": 0,
    "should_slow": 0,
    "should_brake": 1,
    "angle": 0.00013319626882779247,
    "angle_unnorm": 0.011987664194501322,
    "angle_far_unnorm": 0.008124871483251566
}