{
    "x": 30.538259057173693,
    "y": -45.238845886855025,
    "theta": 0.008358052931725979,
    "speed": 0.43227877589265645,
    "target_speed": 0.0,
    "x_command": 43.329635525374435,
    "y_command": -45.142799438970215,
    "command": 4,
    "steer": -0.0005,
    "throttle": 0.0,
    "brake": true,
    "weather": {
        "cloudiness": 15.0,
        "precipitation": 0.0,
        "precipitation_deposits": 0.0,
        "wind_intensity": 0.3499999940395355,
        "sun_azimuth_angle": 0.0,
        "sun_altitude_angle": 75.0,
        "fog_density": 0.0,
        "fog_distance": 0.0,
        "wetness": 0.0,
        "fog_falloff": 0.0
    },
    "weather_id": null,
    "near_node_x": 35.18790014354393,
    "near_node_y": -45.20423132381957,
    "far_node_x": 43.329635525374435,
    "far_node_y": -45.142799438970215,
    "is_vehicle_present": 1,
    "is_pedestrian_present": 0,
    "is_red_light_present": 0,
    "is_stop_sign_present": 0,
    "should_slow": 0,
    "should_brake": 1,
    "angle": -0.000581630970551938,
    "angle_unnorm": -0.05234678734967443,
    "angle_far_unnorm": -0.04867314265801089
}