{
    "x": 36.21523388498714,
    "y": -45.18847662409106,
    "theta": 0.009905051440000534,
    "speed": 4.313509292009565,
    "target_speed": 0.0,
    "x_command": 68.69633315468927,
    "y_command": -67.045288177319,
    "command": 4,
    "steer": -0.002,
    "throttle": 0.0,
    "brake": true,
    "weather": {
        "cloudiness": 15.0,
        "precipitation": 0.0,
        "precipitation_deposits": 0.0,
        "wind_intensity": 0.3499999940395355,
        "sun_azimuth_angle": 0.0,
        "sun_altitude_angle": 75.0,
        "fog_density": 0.0,
        "fog_distance": 0.0,
        "wetness": 0.0,
        "fog_falloff": 0.0
    },
    "weather_id": null,
    "near_node_x": 41.18800421334099,
    "near_node_y": -45.15895849660943,
    "far_node_x": 68.69633315468927,
    "far_node_y": -67.045288177319,
    "is_vehicle_present": 1,
    "is_pedestrian_present": 0,
    "is_red_light_present": 0,
    "is_stop_sign_present": 0,
    "should_slow": 0,
    "should_brake": 1,
    "angle": -0.0025268513726952628,
    "angle_unnorm": -0.22741662354257366,
    "angle_far_unnorm": -34.5044674811359
}