{
    "x": 38.2441891219004,
    "y": -45.176506104055214,
    "theta": 0.006166675128042698,
    "speed": 3.5555977388794617,
    "target_speed": 7.0,
    "x_command": 68.69633315468927,
    "y_command": -67.045288177319,
    "command": 4,
    "steer": -0.0,
    "throttle": 0.75,
    "brake": false,
    "weather": {
        "cloudiness": 15.0,
        "precipitation": 0.0,
        "precipitation_deposits": 0.0,
        "wind_intensity": 0.3499999940395355,
        "sun_azimuth_angle": 0.0,
        "sun_altitude_angle": 75.0,
        "fog_density": 0.0,
        "fog_distance": 0.0,
        "wetness": 0.0,
        "fog_falloff": 0.0
    },
    "weather_id": null,
    "near_node_x": 43.329635525374435,
    "near_node_y": -45.142799438970215,
    "far_node_x": 68.69633315468927,
    "far_node_y": -67.045288177319,
    "is_vehicle_present": 0,
    "is_pedestrian_present": 0,
    "is_red_light_present": 0,
    "is_stop_sign_present": 0,
    "should_slow": 0,
    "should_brake": 0,
    "angle": 0.00029366759708837625,
    "angle_unnorm": 0.02643008373795386,
    "angle_far_unnorm": -36.036814214005865
}