{
    "x": 40.22696914276383,
    "y": -45.164661469029305,
    "theta": 0.005662807263433933,
    "speed": 4.423865460561649,
    "target_speed": 0.0,
    "x_command": 68.69633315468927,
    "y_command": -67.045288177319,
    "command": 1,
    "steer": 0.0,
    "throttle": 0.0,
    "brake": true,
    "weather": {
        "cloudiness": 15.0,
        "precipitation": 0.0,
        "precipitation_deposits": 0.0,
        "wind_intensity": 0.3499999940395355,
        "sun_azimuth_angle": 0.0,
        "sun_altitude_angle": 75.0,
        "fog_density": 0.0,
        "fog_distance": 0.0,
        "wetness": 0.0,
        "fog_falloff": 0.0
    },
    "weather_id": null,
    "near_node_x": 44.329654778517764,
    "near_node_y": -45.13525396776852,
    "far_node_x": 68.69633315468927,
    "far_node_y": -67.045288177319,
    "is_vehicle_present": 1,
    "is_pedestrian_present": 0,
    "is_red_light_present": 0,
    "is_stop_sign_present": 0,
    "should_slow": 0,
    "should_brake": 1,
    "angle": 0.0009580720622850397,
    "angle_unnorm": 0.08622648560565357,
    "angle_far_unnorm": -37.869162597619344
}