{
    "x": 54.020937993929266,
    "y": -45.71235662968792,
    "theta": 6.113430023193359,
    "speed": 4.130068581576068,
    "target_speed": 4.0,
    "x_command": 68.69633315468927,
    "y_command": -67.045288177319,
    "command": 1,
    "steer": -0.128,
    "throttle": 0.04347780007750216,
    "brake": false,
    "weather": {
        "cloudiness": 15.0,
        "precipitation": 0.0,
        "precipitation_deposits": 0.0,
        "wind_intensity": 0.3499999940395355,
        "sun_azimuth_angle": 0.0,
        "sun_altitude_angle": 75.0,
        "fog_density": 0.0,
        "fog_distance": 0.0,
        "wetness": 0.0,
        "fog_falloff": 0.0
    },
    "weather_id": null,
    "near_node_x": 58.8135242613159,
    "near_node_y": -47.11505896314274,
    "far_node_x": 68.69633315468927,
    "far_node_y": -67.045288177319,
    "is_vehicle_present": 0,
    "is_pedestrian_present": 0,
    "is_red_light_present": 0,
    "is_stop_sign_present": 0,
    "should_slow": 1,
    "should_brake": 0,
    "angle": -0.07319474187707557,
    "angle_unnorm": -6.587526768936802,
    "angle_far_unnorm": -45.748796360244974
}