{
    "x": 61.230425335660996,
    "y": -48.743545598663125,
    "theta": 5.75028657913208,
    "speed": 3.6786856685540914,
    "target_speed": 4.0,
    "x_command": 68.69633315468927,
    "y_command": -67.045288177319,
    "command": 1,
    "steer": -0.148,
    "throttle": 0.75,
    "brake": false,
    "weather": {
        "cloudiness": 15.0,
        "precipitation": 0.0,
        "precipitation_deposits": 0.0,
        "wind_intensity": 0.3499999940395355,
        "sun_azimuth_angle": 0.0,
        "sun_altitude_angle": 75.0,
        "fog_density": 0.0,
        "fog_distance": 0.0,
        "wetness": 0.0,
        "fog_falloff": 0.0
    },
    "weather_id": null,
    "near_node_x": 65.01037275360963,
    "near_node_y": -51.66701514610479,
    "far_node_x": 68.69633315468927,
    "far_node_y": -67.045288177319,
    "is_vehicle_present": 0,
    "is_pedestrian_present": 0,
    "is_red_light_present": 0,
    "is_stop_sign_present": 0,
    "should_slow": 1,
    "should_brake": 0,
    "angle": -0.0798452291827218,
    "angle_unnorm": -7.1860706264449625,
    "angle_far_unnorm": -37.27492160744524
}