{
    "x": 64.1751674420783,
    "y": -51.247436593286814,
    "theta": 5.527778148651123,
    "speed": 3.862983998498171,
    "target_speed": 4.0,
    "x_command": 68.69633315468927,
    "y_command": -67.045288177319,
    "command": 1,
    "steer": -0.142,
    "throttle": 0.6684420613053019,
    "brake": false,
    "weather": {
        "cloudiness": 15.0,
        "precipitation": 0.0,
        "precipitation_deposits": 0.0,
        "wind_intensity": 0.3499999940395355,
        "sun_azimuth_angle": 0.0,
        "sun_altitude_angle": 75.0,
        "fog_density": 0.0,
        "fog_distance": 0.0,
        "wetness": 0.0,
        "fog_falloff": 0.0
    },
    "weather_id": null,
    "near_node_x": 66.90462484070271,
    "near_node_y": -54.470932081078814,
    "far_node_x": 68.69633315468927,
    "far_node_y": -67.045288177319,
    "is_vehicle_present": 0,
    "is_pedestrian_present": 0,
    "is_red_light_present": 0,
    "is_stop_sign_present": 0,
    "should_slow": 1,
    "should_brake": 0,
    "angle": -0.07180541588166132,
    "angle_unnorm": -6.462487429349519,
    "angle_far_unnorm": -30.747837782810876
}