{
    "x": 67.88474190320488,
    "y": -58.12010200792757,
    "theta": 5.016602993011475,
    "speed": 3.986951786381301,
    "target_speed": 4.0,
    "x_command": 68.69633315468927,
    "y_command": -67.045288177319,
    "command": 1,
    "steer": -0.19,
    "throttle": 0.1260493591754842,
    "brake": false,
    "weather": {
        "cloudiness": 15.0,
        "precipitation": 0.0,
        "precipitation_deposits": 0.0,
        "wind_intensity": 0.3499999940395355,
        "sun_azimuth_angle": 0.0,
        "sun_altitude_angle": 75.0,
        "fog_density": 0.0,
        "fog_distance": 0.0,
        "wetness": 0.0,
        "fog_falloff": 0.0
    },
    "weather_id": null,
    "near_node_x": 68.65436192632569,
    "near_node_y": -63.01601799970803,
    "far_node_x": 68.69633315468927,
    "far_node_y": -67.045288177319,
    "is_vehicle_present": 0,
    "is_pedestrian_present": 0,
    "is_red_light_present": 0,
    "is_stop_sign_present": 0,
    "should_slow": 1,
    "should_brake": 0,
    "angle": -0.09440665569035196,
    "angle_unnorm": -8.496599012131677,
    "angle_far_unnorm": -12.234408632366437
}