{
    "x": 68.21523957349332,
    "y": -59.991020284403376,
    "theta": 4.900379180908203,
    "speed": 3.998875018740088,
    "target_speed": 7.0,
    "x_command": 68.70832711356425,
    "y_command": -72.28702555018604,
    "command": 1,
    "steer": -0.123,
    "throttle": 0.75,
    "brake": false,
    "weather": {
        "cloudiness": 15.0,
        "precipitation": 0.0,
        "precipitation_deposits": 0.0,
        "wind_intensity": 0.3499999940395355,
        "sun_azimuth_angle": 0.0,
        "sun_altitude_angle": 75.0,
        "fog_density": 0.0,
        "fog_distance": 0.0,
        "wetness": 0.0,
        "fog_falloff": 0.0
    },
    "weather_id": null,
    "near_node_x": 68.66477652834362,
    "near_node_y": -64.01596078061195,
    "far_node_x": 68.70832711356425,
    "far_node_y": -72.28702555018604,
    "is_vehicle_present": 0,
    "is_pedestrian_present": 0,
    "is_red_light_present": 0,
    "is_stop_sign_present": 0,
    "should_slow": 0,
    "should_brake": 0,
    "angle": -0.048869040232796764,
    "angle_unnorm": -4.398213620951709,
    "angle_far_unnorm": -8.47463215586477
}