{
    "x": 68.41976252286189,
    "y": -62.165725792738556,
    "theta": 4.809765815734863,
    "speed": 4.487673762044885,
    "target_speed": 7.0,
    "x_command": 68.70832711356425,
    "y_command": -72.28702555018604,
    "command": 1,
    "steer": -0.088,
    "throttle": 0.75,
    "brake": false,
    "weather": {
        "cloudiness": 15.0,
        "precipitation": 0.0,
        "precipitation_deposits": 0.0,
        "wind_intensity": 0.3499999940395355,
        "sun_azimuth_angle": 0.0,
        "sun_altitude_angle": 75.0,
        "fog_density": 0.0,
        "fog_distance": 0.0,
        "wetness": 0.0,
        "fog_falloff": 0.0
    },
    "weather_id": null,
    "near_node_x": 68.69633315468927,
    "near_node_y": -67.045288177319,
    "far_node_x": 68.70832711356425,
    "far_node_y": -72.28702555018604,
    "is_vehicle_present": 0,
    "is_pedestrian_present": 0,
    "is_red_light_present": 0,
    "is_stop_sign_present": 0,
    "should_slow": 0,
    "should_brake": 0,
    "angle": -0.025947362228588712,
    "angle_unnorm": -2.335262600572984,
    "angle_far_unnorm": -3.9461855489549413
}