{
    "x": 68.50811497130655,
    "y": -64.46182259762591,
    "theta": 4.754119396209717,
    "speed": 5.002300851267668,
    "target_speed": 7.0,
    "x_command": 68.70832711356425,
    "y_command": -72.28702555018604,
    "command": 4,
    "steer": -0.034,
    "throttle": 0.75,
    "brake": false,
    "weather": {
        "cloudiness": 15.0,
        "precipitation": 0.0,
        "precipitation_deposits": 0.0,
        "wind_intensity": 0.3499999940395355,
        "sun_azimuth_angle": 0.0,
        "sun_altitude_angle": 75.0,
        "fog_density": 0.0,
        "fog_distance": 0.0,
        "wetness": 0.0,
        "fog_falloff": 0.0
    },
    "weather_id": null,
    "near_node_x": 68.71716235714311,
    "near_node_y": -69.04518136852138,
    "far_node_x": 68.70832711356425,
    "far_node_y": -72.28702555018604,
    "is_vehicle_present": 0,
    "is_pedestrian_present": 0,
    "is_red_light_present": 0,
    "is_stop_sign_present": 0,
    "should_slow": 0,
    "should_brake": 0,
    "angle": 0.0024497650459542174,
    "angle_unnorm": 0.22047885413587956,
    "angle_far_unnorm": -0.925352273340881
}