{
    "x": 68.62063845289879,
    "y": -70.50727090908839,
    "theta": 4.735374450683594,
    "speed": 6.992332582836656,
    "target_speed": 7.0,
    "x_command": 68.70832711356425,
    "y_command": -72.28702555018604,
    "command": 4,
    "steer": 0.017,
    "throttle": 0.06362527960737402,
    "brake": false,
    "weather": {
        "cloudiness": 15.0,
        "precipitation": 0.0,
        "precipitation_deposits": 0.0,
        "wind_intensity": 0.3499999940395355,
        "sun_azimuth_angle": 0.0,
        "sun_altitude_angle": 75.0,
        "fog_density": 0.0,
        "fog_distance": 0.0,
        "wetness": 0.0,
        "fog_falloff": 0.0
    },
    "weather_id": null,
    "near_node_x": 68.70832711356425,
    "near_node_y": -72.28702555018604,
    "far_node_x": 68.70832711356425,
    "far_node_y": -72.28702555018604,
    "is_vehicle_present": 0,
    "is_pedestrian_present": 0,
    "is_red_light_present": 0,
    "is_stop_sign_present": 0,
    "should_slow": 0,
    "should_brake": 0,
    "angle": 0.016707960692189706,
    "angle_unnorm": 1.5037164622970736,
    "angle_far_unnorm": 1.5037164622970736
}